| # | Target | Type | Website | Contact | Email | Status | Date Sent | Response | Notes |
|---|--------|------|---------|---------|-------|--------|-----------|----------|-------|
| 1 | Chamberlain University | Nursing School | chamberlain.edu | | | Not sent | | | |
| 2 | Purdue Global Nursing | Nursing School | purdueglobal.edu | | | Not sent | | | |
| 3 | Walden University | Nursing School | waldenu.edu | | | Not sent | | | |
| 4 | Capella University | Nursing School | capella.edu | | | Not sent | | | |
| 5 | University of Phoenix | Nursing School | phoenix.edu | | | Not sent | | | |
| 6 | allnurses.com | Blog/Forum | allnurses.com | | | Not sent | | | |
| 7 | nurse.org | Blog | nurse.org | | | Not sent | | | |
| 8 | scrubsmag.com | Blog | scrubsmag.com | | | Not sent | | | |
| 9 | thenerdynurse.com | Blog | thenerdynurse.com | | | Not sent | | | |
| 10 | nursetogether.com | Blog | nursetogether.com | | | Not sent | | | |
| 11 | freshrn.com | Blog | freshrn.com | | | Not sent | | | |
| 12 | straightanursingstudent.com | Blog | straightanursingstudent.com | | | Not sent | | | |
| 13 | Simple Nursing | YouTube | youtube.com/@SimpleNursing | | | Not sent | | | |
| 14 | RegisteredNurseRN | YouTube | youtube.com/@RegisteredNurseRN | | | Not sent | | | |
| 15 | Picmonic | Education | picmonic.com | | | Not sent | | | |
| 16 | LevelUp RN | YouTube | youtube.com/@LevelUpRN | | | Not sent | | | |
| 17 | r/StudentNurse | Reddit | reddit.com/r/StudentNurse | | | Not sent | | | Already posted |
| 18 | r/NCLEX | Reddit | reddit.com/r/NCLEX | | | Not sent | | | Already posted |
| 19 | r/nursing | Reddit | reddit.com/r/nursing | | | Not sent | | | |
| 20 | Nursing Student Facebook Groups | Facebook | Various | | | Not sent | | | |
